"{'topology-name': 'Hierarchical', 'topologies-per-dim': ['Switch', 'Switch'], 'dimension-type': ['P', 'P'], 'dimensions-count': 2, 'units-count': [3, 4], 'link-latency': [48, 105], 'link-bandwidth': [87.9, 120.8], 'nic-latency': [0, 0], 'router-latency': [4, 7], 'hbm-latency': [23, 50], 'hbm-bandwidth': [248, 250], 'hbm-scale': [1, 1], 'links-count': [1, 1]}","{'scheduling-policy': 'FIFO', 'endpoint-delay': 3, 'active-chunks-per-dimension': 1, 'preferred-dataset-splits': 29, 'boost-mode': 0, 'all-reduce-implementation': 'oneDirect', 'all-gather-implementation': 'direct_direct', 'reduce-scatter-implementation': 'oneDirect', 'all-to-all-implementation': 'ring_ring', 'collective-optimization': 'localBWAware'}"
"{'topology-name': 'Hierarchical', 'topologies-per-dim': ['Switch', 'Switch'], 'dimension-type': ['P', 'P'], 'dimensions-count': 2, 'units-count': [7, 6], 'link-latency': [499, 27], 'link-bandwidth': [174.4, 123.1], 'nic-latency': [0, 0], 'router-latency': [10, 5], 'hbm-latency': [416, 327], 'hbm-bandwidth': [8, 168], 'hbm-scale': [0, 1], 'links-count': [1, 1]}","{'scheduling-policy': 'FIFO', 'endpoint-delay': 6, 'active-chunks-per-dimension': 1, 'preferred-dataset-splits': 18, 'boost-mode': 0, 'all-reduce-implementation': 'oneRing', 'all-gather-implementation': 'oneRing', 'reduce-scatter-implementation': 'ring_ring', 'all-to-all-implementation': 'direct_direct', 'collective-optimization': 'baseline'}"
"{'topology-name': 'Hierarchical', 'topologies-per-dim': ['Switch', 'Switch'], 'dimension-type': ['N', 'N'], 'dimensions-count': 2, 'units-count': [5, 4], 'link-latency': [219, 396], 'link-bandwidth': [32.1, 225.0], 'nic-latency': [0, 0], 'router-latency': [8, 4], 'hbm-latency': [97, 67], 'hbm-bandwidth': [202, 165], 'hbm-scale': [1, 0], 'links-count': [1, 1]}","{'scheduling-policy': 'FIFO', 'endpoint-delay': 6, 'active-chunks-per-dimension': 1, 'preferred-dataset-splits': 7, 'boost-mode': 1, 'all-reduce-implementation': 'doubleBinaryTree_doubleBinaryTree', 'all-gather-implementation': 'ring_ring', 'reduce-scatter-implementation': 'oneRing', 'all-to-all-implementation': 'oneRing', 'collective-optimization': 'baseline'}"
"{'topology-name': 'Hierarchical', 'topologies-per-dim': ['Switch', 'FullyConnected'], 'dimension-type': ['P', 'P'], 'dimensions-count': 2, 'units-count': [3, 4], 'link-latency': [14, 401], 'link-bandwidth': [154.0, 140.1], 'nic-latency': [0, 0], 'router-latency': [8, 6], 'hbm-latency': [322, 131], 'hbm-bandwidth': [78, 397], 'hbm-scale': [1, 1], 'links-count': [1, 7]}","{'scheduling-policy': 'FIFO', 'endpoint-delay': 5, 'active-chunks-per-dimension': 1, 'preferred-dataset-splits': 29, 'boost-mode': 1, 'all-reduce-implementation': 'oneRing', 'all-gather-implementation': 'ring_ring', 'reduce-scatter-implementation': 'doubleBinaryTree_doubleBinaryTree', 'all-to-all-implementation': 'ring_ring', 'collective-optimization': 'baseline'}"
"{'topology-name': 'Hierarchical', 'topologies-per-dim': ['FullyConnected', 'Ring'], 'dimension-type': ['P', 'P'], 'dimensions-count': 2, 'units-count': [7, 8], 'link-latency': [285, 383], 'link-bandwidth': [240.7, 135.2], 'nic-latency': [0, 0], 'router-latency': [2, 4], 'hbm-latency': [394, 489], 'hbm-bandwidth': [493, 477], 'hbm-scale': [0, 1], 'links-count': [7, 2]}","{'scheduling-policy': 'FIFO', 'endpoint-delay': 2, 'active-chunks-per-dimension': 1, 'preferred-dataset-splits': 4, 'boost-mode': 1, 'all-reduce-implementation': 'oneDirect', 'all-gather-implementation': 'ring_ring', 'reduce-scatter-implementation': 'ring_ring', 'all-to-all-implementation': 'ring_ring', 'collective-optimization': 'baseline'}"
"{'topology-name': 'Hierarchical', 'topologies-per-dim': ['FullyConnected', 'Switch'], 'dimension-type': ['P', 'P'], 'dimensions-count': 2, 'units-count': [8, 8], 'link-latency': [165, 147], 'link-bandwidth': [23.0, 129.9], 'nic-latency': [0, 0], 'router-latency': [1, 10], 'hbm-latency': [371, 16], 'hbm-bandwidth': [451, 40], 'hbm-scale': [0, 0], 'links-count': [7, 1]}","{'scheduling-policy': 'LIFO', 'endpoint-delay': 10, 'active-chunks-per-dimension': 1, 'preferred-dataset-splits': 23, 'boost-mode': 0, 'all-reduce-implementation': 'oneRing', 'all-gather-implementation': 'oneDirect', 'reduce-scatter-implementation': 'direct_direct', 'all-to-all-implementation': 'direct_direct', 'collective-optimization': 'baseline'}"
"{'topology-name': 'Hierarchical', 'topologies-per-dim': ['Ring', 'FullyConnected'], 'dimension-type': ['N', 'N'], 'dimensions-count': 2, 'units-count': [3, 5], 'link-latency': [55, 124], 'link-bandwidth': [41.2, 40.2], 'nic-latency': [0, 0], 'router-latency': [0, 6], 'hbm-latency': [240, 259], 'hbm-bandwidth': [297, 284], 'hbm-scale': [0, 1], 'links-count': [2, 7]}","{'scheduling-policy': 'FIFO', 'endpoint-delay': 8, 'active-chunks-per-dimension': 1, 'preferred-dataset-splits': 22, 'boost-mode': 1, 'all-reduce-implementation': 'oneDirect', 'all-gather-implementation': 'doubleBinaryTree_doubleBinaryTree', 'reduce-scatter-implementation': 'ring_ring', 'all-to-all-implementation': 'doubleBinaryTree_doubleBinaryTree', 'collective-optimization': 'baseline'}"
"{'topology-name': 'Hierarchical', 'topologies-per-dim': ['FullyConnected', 'Ring'], 'dimension-type': ['N', 'N'], 'dimensions-count': 2, 'units-count': [2, 3], 'link-latency': [247, 290], 'link-bandwidth': [21.0, 213.9], 'nic-latency': [0, 0], 'router-latency': [7, 6], 'hbm-latency': [186, 314], 'hbm-bandwidth': [299, 332], 'hbm-scale': [1, 0], 'links-count': [7, 2]}","{'scheduling-policy': 'FIFO', 'endpoint-delay': 1, 'active-chunks-per-dimension': 1, 'preferred-dataset-splits': 31, 'boost-mode': 1, 'all-reduce-implementation': 'oneRing', 'all-gather-implementation': 'doubleBinaryTree_doubleBinaryTree', 'reduce-scatter-implementation': 'oneRing', 'all-to-all-implementation': 'doubleBinaryTree_doubleBinaryTree', 'collective-optimization': 'localBWAware'}"
"{'topology-name': 'Hierarchical', 'topologies-per-dim': ['FullyConnected', 'Ring'], 'dimension-type': ['N', 'N'], 'dimensions-count': 2, 'units-count': [5, 4], 'link-latency': [261, 139], 'link-bandwidth': [72.7, 121.2], 'nic-latency': [0, 0], 'router-latency': [4, 3], 'hbm-latency': [378, 80], 'hbm-bandwidth': [167, 187], 'hbm-scale': [1, 0], 'links-count': [7, 2]}","{'scheduling-policy': 'FIFO', 'endpoint-delay': 8, 'active-chunks-per-dimension': 1, 'preferred-dataset-splits': 11, 'boost-mode': 0, 'all-reduce-implementation': 'oneDirect', 'all-gather-implementation': 'doubleBinaryTree_doubleBinaryTree', 'reduce-scatter-implementation': 'oneRing', 'all-to-all-implementation': 'doubleBinaryTree_doubleBinaryTree', 'collective-optimization': 'baseline'}"
"{'topology-name': 'Hierarchical', 'topologies-per-dim': ['FullyConnected', 'Ring'], 'dimension-type': ['P', 'P'], 'dimensions-count': 2, 'units-count': [4, 3], 'link-latency': [186, 63], 'link-bandwidth': [130.0, 175.8], 'nic-latency': [0, 0], 'router-latency': [1, 0], 'hbm-latency': [332, 366], 'hbm-bandwidth': [398, 351], 'hbm-scale': [1, 1], 'links-count': [7, 2]}","{'scheduling-policy': 'FIFO', 'endpoint-delay': 2, 'active-chunks-per-dimension': 1, 'preferred-dataset-splits': 6, 'boost-mode': 1, 'all-reduce-implementation': 'direct_direct', 'all-gather-implementation': 'oneDirect', 'reduce-scatter-implementation': 'direct_direct', 'all-to-all-implementation': 'doubleBinaryTree_doubleBinaryTree', 'collective-optimization': 'baseline'}"
"{'topology-name': 'Hierarchical', 'topologies-per-dim': ['Switch', 'FullyConnected'], 'dimension-type': ['P', 'P'], 'dimensions-count': 2, 'units-count': [2, 3], 'link-latency': [283, 102], 'link-bandwidth': [37.2, 25.6], 'nic-latency': [0, 0], 'router-latency': [7, 3], 'hbm-latency': [352, 298], 'hbm-bandwidth': [360, 159], 'hbm-scale': [0, 1], 'links-count': [1, 7]}","{'scheduling-policy': 'LIFO', 'endpoint-delay': 2, 'active-chunks-per-dimension': 1, 'preferred-dataset-splits': 26, 'boost-mode': 0, 'all-reduce-implementation': 'direct_direct', 'all-gather-implementation': 'direct_direct', 'reduce-scatter-implementation': 'direct_direct', 'all-to-all-implementation': 'direct_direct', 'collective-optimization': 'baseline'}"
"{'topology-name': 'Hierarchical', 'topologies-per-dim': ['Switch', 'Ring'], 'dimension-type': ['N', 'N'], 'dimensions-count': 2, 'units-count': [2, 2], 'link-latency': [378, 238], 'link-bandwidth': [189.7, 86.2], 'nic-latency': [0, 0], 'router-latency': [6, 2], 'hbm-latency': [117, 258], 'hbm-bandwidth': [174, 403], 'hbm-scale': [0, 1], 'links-count': [1, 2]}","{'scheduling-policy': 'LIFO', 'endpoint-delay': 10, 'active-chunks-per-dimension': 1, 'preferred-dataset-splits': 26, 'boost-mode': 0, 'all-reduce-implementation': 'ring_ring', 'all-gather-implementation': 'doubleBinaryTree_doubleBinaryTree', 'reduce-scatter-implementation': 'ring_ring', 'all-to-all-implementation': 'ring_ring', 'collective-optimization': 'baseline'}"
"{'topology-name': 'Hierarchical', 'topologies-per-dim': ['Ring', 'Switch'], 'dimension-type': ['P', 'P'], 'dimensions-count': 2, 'units-count': [7, 2], 'link-latency': [317, 192], 'link-bandwidth': [90.9, 155.8], 'nic-latency': [0, 0], 'router-latency': [7, 9], 'hbm-latency': [367, 456], 'hbm-bandwidth': [149, 123], 'hbm-scale': [1, 1], 'links-count': [2, 1]}","{'scheduling-policy': 'LIFO', 'endpoint-delay': 4, 'active-chunks-per-dimension': 1, 'preferred-dataset-splits': 8, 'boost-mode': 1, 'all-reduce-implementation': 'ring_ring', 'all-gather-implementation': 'ring_ring', 'reduce-scatter-implementation': 'oneRing', 'all-to-all-implementation': 'doubleBinaryTree_doubleBinaryTree', 'collective-optimization': 'localBWAware'}"
"{'topology-name': 'Hierarchical', 'topologies-per-dim': ['Switch', 'Ring'], 'dimension-type': ['P', 'P'], 'dimensions-count': 2, 'units-count': [2, 5], 'link-latency': [165, 283], 'link-bandwidth': [187.6, 201.1], 'nic-latency': [0, 0], 'router-latency': [0, 3], 'hbm-latency': [383, 436], 'hbm-bandwidth': [472, 442], 'hbm-scale': [0, 0], 'links-count': [1, 2]}","{'scheduling-policy': 'FIFO', 'endpoint-delay': 3, 'active-chunks-per-dimension': 1, 'preferred-dataset-splits': 8, 'boost-mode': 0, 'all-reduce-implementation': 'oneRing', 'all-gather-implementation': 'oneDirect', 'reduce-scatter-implementation': 'direct_direct', 'all-to-all-implementation': 'direct_direct', 'collective-optimization': 'baseline'}"
"{'topology-name': 'Hierarchical', 'topologies-per-dim': ['Ring', 'Ring'], 'dimension-type': ['P', 'P'], 'dimensions-count': 2, 'units-count': [2, 8], 'link-latency': [459, 388], 'link-bandwidth': [27.6, 189.4], 'nic-latency': [0, 0], 'router-latency': [6, 2], 'hbm-latency': [269, 6], 'hbm-bandwidth': [269, 148], 'hbm-scale': [0, 0], 'links-count': [2, 2]}","{'scheduling-policy': 'FIFO', 'endpoint-delay': 6, 'active-chunks-per-dimension': 1, 'preferred-dataset-splits': 31, 'boost-mode': 0, 'all-reduce-implementation': 'oneDirect', 'all-gather-implementation': 'oneDirect', 'reduce-scatter-implementation': 'doubleBinaryTree_doubleBinaryTree', 'all-to-all-implementation': 'direct_direct', 'collective-optimization': 'baseline'}"
"{'topology-name': 'Hierarchical', 'topologies-per-dim': ['Ring', 'Switch'], 'dimension-type': ['P', 'P'], 'dimensions-count': 2, 'units-count': [8, 4], 'link-latency': [285, 364], 'link-bandwidth': [72.0, 35.5], 'nic-latency': [0, 0], 'router-latency': [0, 8], 'hbm-latency': [50, 233], 'hbm-bandwidth': [269, 247], 'hbm-scale': [0, 1], 'links-count': [2, 1]}","{'scheduling-policy': 'LIFO', 'endpoint-delay': 10, 'active-chunks-per-dimension': 1, 'preferred-dataset-splits': 29, 'boost-mode': 0, 'all-reduce-implementation': 'direct_direct', 'all-gather-implementation': 'oneRing', 'reduce-scatter-implementation': 'ring_ring', 'all-to-all-implementation': 'doubleBinaryTree_doubleBinaryTree', 'collective-optimization': 'localBWAware'}"
"{'topology-name': 'Hierarchical', 'topologies-per-dim': ['Switch', 'Ring'], 'dimension-type': ['N', 'N'], 'dimensions-count': 2, 'units-count': [6, 7], 'link-latency': [5, 127], 'link-bandwidth': [32.6, 161.3], 'nic-latency': [0, 0], 'router-latency': [6, 8], 'hbm-latency': [75, 367], 'hbm-bandwidth': [37, 127], 'hbm-scale': [0, 1], 'links-count': [1, 2]}","{'scheduling-policy': 'LIFO', 'endpoint-delay': 4, 'active-chunks-per-dimension': 1, 'preferred-dataset-splits': 18, 'boost-mode': 0, 'all-reduce-implementation': 'doubleBinaryTree_doubleBinaryTree', 'all-gather-implementation': 'oneRing', 'reduce-scatter-implementation': 'ring_ring', 'all-to-all-implementation': 'oneDirect', 'collective-optimization': 'baseline'}"
"{'topology-name': 'Hierarchical', 'topologies-per-dim': ['Switch', 'Switch'], 'dimension-type': ['P', 'P'], 'dimensions-count': 2, 'units-count': [6, 4], 'link-latency': [139, 399], 'link-bandwidth': [130.0, 129.5], 'nic-latency': [0, 0], 'router-latency': [6, 6], 'hbm-latency': [343, 84], 'hbm-bandwidth': [422, 162], 'hbm-scale': [1, 1], 'links-count': [1, 1]}","{'scheduling-policy': 'FIFO', 'endpoint-delay': 2, 'active-chunks-per-dimension': 1, 'preferred-dataset-splits': 13, 'boost-mode': 1, 'all-reduce-implementation': 'oneDirect', 'all-gather-implementation': 'direct_direct', 'reduce-scatter-implementation': 'oneDirect', 'all-to-all-implementation': 'ring_ring', 'collective-optimization': 'baseline'}"
"{'topology-name': 'Hierarchical', 'topologies-per-dim': ['Switch', 'FullyConnected'], 'dimension-type': ['N', 'N'], 'dimensions-count': 2, 'units-count': [4, 8], 'link-latency': [345, 409], 'link-bandwidth': [25.0, 120.0], 'nic-latency': [0, 0], 'router-latency': [3, 3], 'hbm-latency': [450, 117], 'hbm-bandwidth': [16, 53], 'hbm-scale': [1, 0], 'links-count': [1, 7]}","{'scheduling-policy': 'FIFO', 'endpoint-delay': 1, 'active-chunks-per-dimension': 1, 'preferred-dataset-splits': 7, 'boost-mode': 0, 'all-reduce-implementation': 'oneRing', 'all-gather-implementation': 'direct_direct', 'reduce-scatter-implementation': 'doubleBinaryTree_doubleBinaryTree', 'all-to-all-implementation': 'doubleBinaryTree_doubleBinaryTree', 'collective-optimization': 'baseline'}"
"{'topology-name': 'Hierarchical', 'topologies-per-dim': ['FullyConnected', 'Switch'], 'dimension-type': ['N', 'N'], 'dimensions-count': 2, 'units-count': [3, 5], 'link-latency': [480, 68], 'link-bandwidth': [197.9, 217.0], 'nic-latency': [0, 0], 'router-latency': [7, 10], 'hbm-latency': [76, 401], 'hbm-bandwidth': [168, 165], 'hbm-scale': [0, 1], 'links-count': [7, 1]}","{'scheduling-policy': 'LIFO', 'endpoint-delay': 8, 'active-chunks-per-dimension': 1, 'preferred-dataset-splits': 8, 'boost-mode': 0, 'all-reduce-implementation': 'doubleBinaryTree_doubleBinaryTree', 'all-gather-implementation': 'oneRing', 'reduce-scatter-implementation': 'direct_direct', 'all-to-all-implementation': 'oneDirect', 'collective-optimization': 'localBWAware'}"
"{'topology-name': 'Hierarchical', 'topologies-per-dim': ['FullyConnected', 'Ring'], 'dimension-type': ['N', 'N'], 'dimensions-count': 2, 'units-count': [2, 5], 'link-latency': [39, 318], 'link-bandwidth': [243.7, 22.7], 'nic-latency': [0, 0], 'router-latency': [6, 2], 'hbm-latency': [198, 116], 'hbm-bandwidth': [247, 101], 'hbm-scale': [1, 1], 'links-count': [7, 2]}","{'scheduling-policy': 'FIFO', 'endpoint-delay': 5, 'active-chunks-per-dimension': 1, 'preferred-dataset-splits': 14, 'boost-mode': 1, 'all-reduce-implementation': 'ring_ring', 'all-gather-implementation': 'ring_ring', 'reduce-scatter-implementation': 'direct_direct', 'all-to-all-implementation': 'oneDirect', 'collective-optimization': 'localBWAware'}"
"{'topology-name': 'Hierarchical', 'topologies-per-dim': ['Ring', 'Switch'], 'dimension-type': ['P', 'P'], 'dimensions-count': 2, 'units-count': [8, 3], 'link-latency': [244, 292], 'link-bandwidth': [217.2, 245.5], 'nic-latency': [0, 0], 'router-latency': [6, 10], 'hbm-latency': [219, 86], 'hbm-bandwidth': [457, 76], 'hbm-scale': [1, 0], 'links-count': [2, 1]}","{'scheduling-policy': 'FIFO', 'endpoint-delay': 4, 'active-chunks-per-dimension': 1, 'preferred-dataset-splits': 5, 'boost-mode': 1, 'all-reduce-implementation': 'ring_ring', 'all-gather-implementation': 'ring_ring', 'reduce-scatter-implementation': 'oneDirect', 'all-to-all-implementation': 'oneDirect', 'collective-optimization': 'baseline'}"
"{'topology-name': 'Hierarchical', 'topologies-per-dim': ['FullyConnected', 'FullyConnected'], 'dimension-type': ['N', 'N'], 'dimensions-count': 2, 'units-count': [3, 5], 'link-latency': [169, 272], 'link-bandwidth': [78.4, 100.9], 'nic-latency': [0, 0], 'router-latency': [2, 9], 'hbm-latency': [217, 423], 'hbm-bandwidth': [55, 128], 'hbm-scale': [0, 1], 'links-count': [7, 7]}","{'scheduling-policy': 'LIFO', 'endpoint-delay': 4, 'active-chunks-per-dimension': 1, 'preferred-dataset-splits': 26, 'boost-mode': 0, 'all-reduce-implementation': 'oneRing', 'all-gather-implementation': 'oneDirect', 'reduce-scatter-implementation': 'oneRing', 'all-to-all-implementation': 'oneRing', 'collective-optimization': 'baseline'}"
"{'topology-name': 'Hierarchical', 'topologies-per-dim': ['Switch', 'Switch'], 'dimension-type': ['N', 'N'], 'dimensions-count': 2, 'units-count': [7, 5], 'link-latency': [385, 305], 'link-bandwidth': [206.8, 104.2], 'nic-latency': [0, 0], 'router-latency': [3, 3], 'hbm-latency': [22, 43], 'hbm-bandwidth': [265, 433], 'hbm-scale': [1, 1], 'links-count': [1, 1]}","{'scheduling-policy': 'FIFO', 'endpoint-delay': 2, 'active-chunks-per-dimension': 1, 'preferred-dataset-splits': 4, 'boost-mode': 0, 'all-reduce-implementation': 'oneRing', 'all-gather-implementation': 'direct_direct', 'reduce-scatter-implementation': 'direct_direct', 'all-to-all-implementation': 'ring_ring', 'collective-optimization': 'baseline'}"
"{'topology-name': 'Hierarchical', 'topologies-per-dim': ['Switch', 'FullyConnected'], 'dimension-type': ['P', 'P'], 'dimensions-count': 2, 'units-count': [2, 8], 'link-latency': [291, 57], 'link-bandwidth': [94.1, 83.5], 'nic-latency': [0, 0], 'router-latency': [5, 2], 'hbm-latency': [50, 178], 'hbm-bandwidth': [4, 466], 'hbm-scale': [0, 1], 'links-count': [1, 7]}","{'scheduling-policy': 'FIFO', 'endpoint-delay': 9, 'active-chunks-per-dimension': 1, 'preferred-dataset-splits': 1, 'boost-mode': 1, 'all-reduce-implementation': 'direct_direct', 'all-gather-implementation': 'oneDirect', 'reduce-scatter-implementation': 'oneRing', 'all-to-all-implementation': 'oneRing', 'collective-optimization': 'baseline'}"
"{'topology-name': 'Hierarchical', 'topologies-per-dim': ['FullyConnected', 'Switch'], 'dimension-type': ['P', 'P'], 'dimensions-count': 2, 'units-count': [5, 8], 'link-latency': [7, 147], 'link-bandwidth': [114.3, 237.4], 'nic-latency': [0, 0], 'router-latency': [1, 5], 'hbm-latency': [141, 359], 'hbm-bandwidth': [123, 404], 'hbm-scale': [1, 0], 'links-count': [7, 1]}","{'scheduling-policy': 'FIFO', 'endpoint-delay': 4, 'active-chunks-per-dimension': 1, 'preferred-dataset-splits': 28, 'boost-mode': 1, 'all-reduce-implementation': 'oneRing', 'all-gather-implementation': 'doubleBinaryTree_doubleBinaryTree', 'reduce-scatter-implementation': 'ring_ring', 'all-to-all-implementation': 'oneRing', 'collective-optimization': 'localBWAware'}"
"{'topology-name': 'Hierarchical', 'topologies-per-dim': ['Switch', 'Ring'], 'dimension-type': ['N', 'N'], 'dimensions-count': 2, 'units-count': [4, 8], 'link-latency': [183, 78], 'link-bandwidth': [183.3, 143.8], 'nic-latency': [0, 0], 'router-latency': [2, 3], 'hbm-latency': [484, 1], 'hbm-bandwidth': [108, 39], 'hbm-scale': [0, 1], 'links-count': [1, 2]}","{'scheduling-policy': 'FIFO', 'endpoint-delay': 8, 'active-chunks-per-dimension': 1, 'preferred-dataset-splits': 10, 'boost-mode': 1, 'all-reduce-implementation': 'oneDirect', 'all-gather-implementation': 'oneDirect', 'reduce-scatter-implementation': 'ring_ring', 'all-to-all-implementation': 'direct_direct', 'collective-optimization': 'localBWAware'}"
"{'topology-name': 'Hierarchical', 'topologies-per-dim': ['Ring', 'FullyConnected'], 'dimension-type': ['P', 'P'], 'dimensions-count': 2, 'units-count': [4, 7], 'link-latency': [259, 129], 'link-bandwidth': [24.8, 233.1], 'nic-latency': [0, 0], 'router-latency': [0, 8], 'hbm-latency': [465, 454], 'hbm-bandwidth': [305, 442], 'hbm-scale': [1, 1], 'links-count': [2, 7]}","{'scheduling-policy': 'FIFO', 'endpoint-delay': 1, 'active-chunks-per-dimension': 1, 'preferred-dataset-splits': 17, 'boost-mode': 0, 'all-reduce-implementation': 'oneRing', 'all-gather-implementation': 'oneRing', 'reduce-scatter-implementation': 'doubleBinaryTree_doubleBinaryTree', 'all-to-all-implementation': 'oneRing', 'collective-optimization': 'baseline'}"
"{'topology-name': 'Hierarchical', 'topologies-per-dim': ['Switch', 'Ring'], 'dimension-type': ['P', 'P'], 'dimensions-count': 2, 'units-count': [2, 8], 'link-latency': [366, 470], 'link-bandwidth': [159.1, 30.6], 'nic-latency': [0, 0], 'router-latency': [8, 7], 'hbm-latency': [469, 237], 'hbm-bandwidth': [333, 326], 'hbm-scale': [1, 0], 'links-count': [1, 2]}","{'scheduling-policy': 'LIFO', 'endpoint-delay': 1, 'active-chunks-per-dimension': 1, 'preferred-dataset-splits': 13, 'boost-mode': 1, 'all-reduce-implementation': 'oneRing', 'all-gather-implementation': 'ring_ring', 'reduce-scatter-implementation': 'ring_ring', 'all-to-all-implementation': 'ring_ring', 'collective-optimization': 'baseline'}"
"{'topology-name': 'Hierarchical', 'topologies-per-dim': ['Switch', 'FullyConnected'], 'dimension-type': ['P', 'P'], 'dimensions-count': 2, 'units-count': [8, 8], 'link-latency': [78, 377], 'link-bandwidth': [213.3, 22.4], 'nic-latency': [0, 0], 'router-latency': [0, 8], 'hbm-latency': [468, 189], 'hbm-bandwidth': [480, 454], 'hbm-scale': [1, 0], 'links-count': [1, 7]}","{'scheduling-policy': 'FIFO', 'endpoint-delay': 1, 'active-chunks-per-dimension': 1, 'preferred-dataset-splits': 11, 'boost-mode': 1, 'all-reduce-implementation': 'oneRing', 'all-gather-implementation': 'ring_ring', 'reduce-scatter-implementation': 'direct_direct', 'all-to-all-implementation': 'ring_ring', 'collective-optimization': 'baseline'}"
"{'topology-name': 'Hierarchical', 'topologies-per-dim': ['Ring', 'Switch'], 'dimension-type': ['N', 'N'], 'dimensions-count': 2, 'units-count': [4, 7], 'link-latency': [267, 80], 'link-bandwidth': [140.0, 56.7], 'nic-latency': [0, 0], 'router-latency': [1, 1], 'hbm-latency': [402, 151], 'hbm-bandwidth': [264, 105], 'hbm-scale': [1, 0], 'links-count': [2, 1]}","{'scheduling-policy': 'FIFO', 'endpoint-delay': 6, 'active-chunks-per-dimension': 1, 'preferred-dataset-splits': 27, 'boost-mode': 1, 'all-reduce-implementation': 'direct_direct', 'all-gather-implementation': 'direct_direct', 'reduce-scatter-implementation': 'oneDirect', 'all-to-all-implementation': 'doubleBinaryTree_doubleBinaryTree', 'collective-optimization': 'localBWAware'}"
"{'topology-name': 'Hierarchical', 'topologies-per-dim': ['Switch', 'Ring'], 'dimension-type': ['P', 'P'], 'dimensions-count': 2, 'units-count': [2, 5], 'link-latency': [48, 90], 'link-bandwidth': [42.1, 212.3], 'nic-latency': [0, 0], 'router-latency': [2, 7], 'hbm-latency': [101, 397], 'hbm-bandwidth': [110, 265], 'hbm-scale': [1, 0], 'links-count': [1, 2]}","{'scheduling-policy': 'LIFO', 'endpoint-delay': 5, 'active-chunks-per-dimension': 1, 'preferred-dataset-splits': 8, 'boost-mode': 1, 'all-reduce-implementation': 'oneDirect', 'all-gather-implementation': 'oneRing', 'reduce-scatter-implementation': 'direct_direct', 'all-to-all-implementation': 'oneDirect', 'collective-optimization': 'baseline'}"
"{'topology-name': 'Hierarchical', 'topologies-per-dim': ['Ring', 'FullyConnected'], 'dimension-type': ['P', 'P'], 'dimensions-count': 2, 'units-count': [5, 7], 'link-latency': [335, 468], 'link-bandwidth': [87.6, 244.5], 'nic-latency': [0, 0], 'router-latency': [5, 1], 'hbm-latency': [154, 269], 'hbm-bandwidth': [126, 43], 'hbm-scale': [0, 0], 'links-count': [2, 7]}","{'scheduling-policy': 'LIFO', 'endpoint-delay': 8, 'active-chunks-per-dimension': 1, 'preferred-dataset-splits': 22, 'boost-mode': 0, 'all-reduce-implementation': 'ring_ring', 'all-gather-implementation': 'oneDirect', 'reduce-scatter-implementation': 'direct_direct', 'all-to-all-implementation': 'oneDirect', 'collective-optimization': 'baseline'}"
"{'topology-name': 'Hierarchical', 'topologies-per-dim': ['Switch', 'Switch'], 'dimension-type': ['N', 'N'], 'dimensions-count': 2, 'units-count': [7, 4], 'link-latency': [211, 251], 'link-bandwidth': [223.1, 191.7], 'nic-latency': [0, 0], 'router-latency': [5, 0], 'hbm-latency': [392, 480], 'hbm-bandwidth': [390, 266], 'hbm-scale': [1, 1], 'links-count': [1, 1]}","{'scheduling-policy': 'LIFO', 'endpoint-delay': 7, 'active-chunks-per-dimension': 1, 'preferred-dataset-splits': 20, 'boost-mode': 0, 'all-reduce-implementation': 'ring_ring', 'all-gather-implementation': 'doubleBinaryTree_doubleBinaryTree', 'reduce-scatter-implementation': 'oneDirect', 'all-to-all-implementation': 'doubleBinaryTree_doubleBinaryTree', 'collective-optimization': 'localBWAware'}"
"{'topology-name': 'Hierarchical', 'topologies-per-dim': ['FullyConnected', 'Ring'], 'dimension-type': ['N', 'N'], 'dimensions-count': 2, 'units-count': [7, 5], 'link-latency': [350, 269], 'link-bandwidth': [151.8, 203.1], 'nic-latency': [0, 0], 'router-latency': [4, 10], 'hbm-latency': [426, 270], 'hbm-bandwidth': [43, 467], 'hbm-scale': [1, 0], 'links-count': [7, 2]}","{'scheduling-policy': 'LIFO', 'endpoint-delay': 7, 'active-chunks-per-dimension': 1, 'preferred-dataset-splits': 20, 'boost-mode': 0, 'all-reduce-implementation': 'oneRing', 'all-gather-implementation': 'doubleBinaryTree_doubleBinaryTree', 'reduce-scatter-implementation': 'ring_ring', 'all-to-all-implementation': 'doubleBinaryTree_doubleBinaryTree', 'collective-optimization': 'baseline'}"
"{'topology-name': 'Hierarchical', 'topologies-per-dim': ['Ring', 'Ring'], 'dimension-type': ['P', 'P'], 'dimensions-count': 2, 'units-count': [8, 6], 'link-latency': [345, 170], 'link-bandwidth': [231.9, 151.5], 'nic-latency': [0, 0], 'router-latency': [8, 6], 'hbm-latency': [57, 54], 'hbm-bandwidth': [5, 500], 'hbm-scale': [0, 1], 'links-count': [2, 2]}","{'scheduling-policy': 'FIFO', 'endpoint-delay': 2, 'active-chunks-per-dimension': 1, 'preferred-dataset-splits': 24, 'boost-mode': 1, 'all-reduce-implementation': 'ring_ring', 'all-gather-implementation': 'oneRing', 'reduce-scatter-implementation': 'ring_ring', 'all-to-all-implementation': 'ring_ring', 'collective-optimization': 'localBWAware'}"
"{'topology-name': 'Hierarchical', 'topologies-per-dim': ['Ring', 'Ring'], 'dimension-type': ['N', 'N'], 'dimensions-count': 2, 'units-count': [8, 7], 'link-latency': [499, 500], 'link-bandwidth': [76.8, 221.0], 'nic-latency': [0, 0], 'router-latency': [3, 7], 'hbm-latency': [241, 268], 'hbm-bandwidth': [57, 172], 'hbm-scale': [0, 0], 'links-count': [2, 2]}","{'scheduling-policy': 'LIFO', 'endpoint-delay': 1, 'active-chunks-per-dimension': 1, 'preferred-dataset-splits': 21, 'boost-mode': 0, 'all-reduce-implementation': 'oneDirect', 'all-gather-implementation': 'ring_ring', 'reduce-scatter-implementation': 'oneRing', 'all-to-all-implementation': 'oneRing', 'collective-optimization': 'localBWAware'}"
"{'topology-name': 'Hierarchical', 'topologies-per-dim': ['FullyConnected', 'Ring'], 'dimension-type': ['N', 'N'], 'dimensions-count': 2, 'units-count': [8, 6], 'link-latency': [337, 235], 'link-bandwidth': [150.4, 173.9], 'nic-latency': [0, 0], 'router-latency': [0, 3], 'hbm-latency': [444, 213], 'hbm-bandwidth': [98, 152], 'hbm-scale': [0, 1], 'links-count': [7, 2]}","{'scheduling-policy': 'FIFO', 'endpoint-delay': 5, 'active-chunks-per-dimension': 1, 'preferred-dataset-splits': 4, 'boost-mode': 1, 'all-reduce-implementation': 'direct_direct', 'all-gather-implementation': 'doubleBinaryTree_doubleBinaryTree', 'reduce-scatter-implementation': 'doubleBinaryTree_doubleBinaryTree', 'all-to-all-implementation': 'oneDirect', 'collective-optimization': 'localBWAware'}"
"{'topology-name': 'Hierarchical', 'topologies-per-dim': ['Ring', 'Ring'], 'dimension-type': ['P', 'P'], 'dimensions-count': 2, 'units-count': [8, 2], 'link-latency': [440, 109], 'link-bandwidth': [190.8, 160.7], 'nic-latency': [0, 0], 'router-latency': [4, 2], 'hbm-latency': [374, 11], 'hbm-bandwidth': [360, 63], 'hbm-scale': [1, 1], 'links-count': [2, 2]}","{'scheduling-policy': 'LIFO', 'endpoint-delay': 4, 'active-chunks-per-dimension': 1, 'preferred-dataset-splits': 22, 'boost-mode': 0, 'all-reduce-implementation': 'doubleBinaryTree_doubleBinaryTree', 'all-gather-implementation': 'doubleBinaryTree_doubleBinaryTree', 'reduce-scatter-implementation': 'oneRing', 'all-to-all-implementation': 'oneRing', 'collective-optimization': 'baseline'}"
"{'topology-name': 'Hierarchical', 'topologies-per-dim': ['FullyConnected', 'Switch'], 'dimension-type': ['P', 'P'], 'dimensions-count': 2, 'units-count': [7, 5], 'link-latency': [438, 172], 'link-bandwidth': [71.7, 161.7], 'nic-latency': [0, 0], 'router-latency': [3, 8], 'hbm-latency': [141, 212], 'hbm-bandwidth': [461, 148], 'hbm-scale': [0, 1], 'links-count': [7, 1]}","{'scheduling-policy': 'LIFO', 'endpoint-delay': 6, 'active-chunks-per-dimension': 1, 'preferred-dataset-splits': 17, 'boost-mode': 1, 'all-reduce-implementation': 'oneDirect', 'all-gather-implementation': 'oneDirect', 'reduce-scatter-implementation': 'oneDirect', 'all-to-all-implementation': 'direct_direct', 'collective-optimization': 'baseline'}"
"{'topology-name': 'Hierarchical', 'topologies-per-dim': ['Switch', 'Switch'], 'dimension-type': ['P', 'P'], 'dimensions-count': 2, 'units-count': [4, 8], 'link-latency': [100, 467], 'link-bandwidth': [191.1, 233.7], 'nic-latency': [0, 0], 'router-latency': [1, 6], 'hbm-latency': [292, 261], 'hbm-bandwidth': [239, 58], 'hbm-scale': [0, 1], 'links-count': [1, 1]}","{'scheduling-policy': 'LIFO', 'endpoint-delay': 6, 'active-chunks-per-dimension': 1, 'preferred-dataset-splits': 15, 'boost-mode': 0, 'all-reduce-implementation': 'ring_ring', 'all-gather-implementation': 'direct_direct', 'reduce-scatter-implementation': 'oneDirect', 'all-to-all-implementation': 'oneRing', 'collective-optimization': 'localBWAware'}"
"{'topology-name': 'Hierarchical', 'topologies-per-dim': ['FullyConnected', 'Switch'], 'dimension-type': ['N', 'N'], 'dimensions-count': 2, 'units-count': [5, 7], 'link-latency': [478, 31], 'link-bandwidth': [226.4, 101.7], 'nic-latency': [0, 0], 'router-latency': [10, 9], 'hbm-latency': [226, 331], 'hbm-bandwidth': [405, 211], 'hbm-scale': [0, 0], 'links-count': [7, 1]}","{'scheduling-policy': 'FIFO', 'endpoint-delay': 8, 'active-chunks-per-dimension': 1, 'preferred-dataset-splits': 27, 'boost-mode': 1, 'all-reduce-implementation': 'doubleBinaryTree_doubleBinaryTree', 'all-gather-implementation': 'ring_ring', 'reduce-scatter-implementation': 'direct_direct', 'all-to-all-implementation': 'direct_direct', 'collective-optimization': 'localBWAware'}"
"{'topology-name': 'Hierarchical', 'topologies-per-dim': ['Ring', 'Switch'], 'dimension-type': ['N', 'N'], 'dimensions-count': 2, 'units-count': [5, 3], 'link-latency': [386, 22], 'link-bandwidth': [38.3, 174.4], 'nic-latency': [0, 0], 'router-latency': [5, 2], 'hbm-latency': [32, 182], 'hbm-bandwidth': [155, 47], 'hbm-scale': [1, 1], 'links-count': [2, 1]}","{'scheduling-policy': 'FIFO', 'endpoint-delay': 7, 'active-chunks-per-dimension': 1, 'preferred-dataset-splits': 17, 'boost-mode': 1, 'all-reduce-implementation': 'doubleBinaryTree_doubleBinaryTree', 'all-gather-implementation': 'oneDirect', 'reduce-scatter-implementation': 'oneDirect', 'all-to-all-implementation': 'oneDirect', 'collective-optimization': 'localBWAware'}"
"{'topology-name': 'Hierarchical', 'topologies-per-dim': ['FullyConnected', 'Ring'], 'dimension-type': ['N', 'N'], 'dimensions-count': 2, 'units-count': [5, 5], 'link-latency': [416, 388], 'link-bandwidth': [122.2, 48.9], 'nic-latency': [0, 0], 'router-latency': [8, 8], 'hbm-latency': [211, 163], 'hbm-bandwidth': [421, 12], 'hbm-scale': [0, 0], 'links-count': [7, 2]}","{'scheduling-policy': 'LIFO', 'endpoint-delay': 2, 'active-chunks-per-dimension': 1, 'preferred-dataset-splits': 3, 'boost-mode': 1, 'all-reduce-implementation': 'direct_direct', 'all-gather-implementation': 'oneDirect', 'reduce-scatter-implementation': 'oneRing', 'all-to-all-implementation': 'doubleBinaryTree_doubleBinaryTree', 'collective-optimization': 'localBWAware'}"
"{'topology-name': 'Hierarchical', 'topologies-per-dim': ['FullyConnected', 'Ring'], 'dimension-type': ['N', 'N'], 'dimensions-count': 2, 'units-count': [4, 3], 'link-latency': [7, 473], 'link-bandwidth': [234.0, 73.5], 'nic-latency': [0, 0], 'router-latency': [5, 3], 'hbm-latency': [366, 123], 'hbm-bandwidth': [12, 285], 'hbm-scale': [0, 0], 'links-count': [7, 2]}","{'scheduling-policy': 'FIFO', 'endpoint-delay': 9, 'active-chunks-per-dimension': 1, 'preferred-dataset-splits': 7, 'boost-mode': 1, 'all-reduce-implementation': 'doubleBinaryTree_doubleBinaryTree', 'all-gather-implementation': 'oneRing', 'reduce-scatter-implementation': 'ring_ring', 'all-to-all-implementation': 'oneDirect', 'collective-optimization': 'localBWAware'}"
"{'topology-name': 'Hierarchical', 'topologies-per-dim': ['Ring', 'Ring'], 'dimension-type': ['N', 'N'], 'dimensions-count': 2, 'units-count': [2, 2], 'link-latency': [465, 293], 'link-bandwidth': [81.6, 92.9], 'nic-latency': [0, 0], 'router-latency': [7, 6], 'hbm-latency': [348, 288], 'hbm-bandwidth': [422, 315], 'hbm-scale': [0, 0], 'links-count': [2, 2]}","{'scheduling-policy': 'LIFO', 'endpoint-delay': 1, 'active-chunks-per-dimension': 1, 'preferred-dataset-splits': 12, 'boost-mode': 0, 'all-reduce-implementation': 'oneDirect', 'all-gather-implementation': 'oneDirect', 'reduce-scatter-implementation': 'doubleBinaryTree_doubleBinaryTree', 'all-to-all-implementation': 'ring_ring', 'collective-optimization': 'localBWAware'}"
"{'topology-name': 'Hierarchical', 'topologies-per-dim': ['Switch', 'FullyConnected'], 'dimension-type': ['N', 'N'], 'dimensions-count': 2, 'units-count': [6, 8], 'link-latency': [98, 275], 'link-bandwidth': [129.1, 109.0], 'nic-latency': [0, 0], 'router-latency': [9, 4], 'hbm-latency': [322, 247], 'hbm-bandwidth': [172, 37], 'hbm-scale': [1, 0], 'links-count': [1, 7]}","{'scheduling-policy': 'FIFO', 'endpoint-delay': 9, 'active-chunks-per-dimension': 1, 'preferred-dataset-splits': 32, 'boost-mode': 0, 'all-reduce-implementation': 'direct_direct', 'all-gather-implementation': 'oneRing', 'reduce-scatter-implementation': 'doubleBinaryTree_doubleBinaryTree', 'all-to-all-implementation': 'doubleBinaryTree_doubleBinaryTree', 'collective-optimization': 'localBWAware'}"
"{'topology-name': 'Hierarchical', 'topologies-per-dim': ['Ring', 'Ring'], 'dimension-type': ['P', 'P'], 'dimensions-count': 2, 'units-count': [3, 6], 'link-latency': [166, 481], 'link-bandwidth': [145.0, 182.4], 'nic-latency': [0, 0], 'router-latency': [6, 9], 'hbm-latency': [238, 138], 'hbm-bandwidth': [477, 436], 'hbm-scale': [0, 0], 'links-count': [2, 2]}","{'scheduling-policy': 'LIFO', 'endpoint-delay': 6, 'active-chunks-per-dimension': 1, 'preferred-dataset-splits': 17, 'boost-mode': 1, 'all-reduce-implementation': 'direct_direct', 'all-gather-implementation': 'doubleBinaryTree_doubleBinaryTree', 'reduce-scatter-implementation': 'ring_ring', 'all-to-all-implementation': 'oneDirect', 'collective-optimization': 'localBWAware'}"
"{'topology-name': 'Hierarchical', 'topologies-per-dim': ['FullyConnected', 'Ring'], 'dimension-type': ['N', 'N'], 'dimensions-count': 2, 'units-count': [6, 7], 'link-latency': [171, 15], 'link-bandwidth': [91.9, 75.4], 'nic-latency': [0, 0], 'router-latency': [3, 9], 'hbm-latency': [436, 164], 'hbm-bandwidth': [274, 457], 'hbm-scale': [0, 0], 'links-count': [7, 2]}","{'scheduling-policy': 'FIFO', 'endpoint-delay': 2, 'active-chunks-per-dimension': 1, 'preferred-dataset-splits': 30, 'boost-mode': 1, 'all-reduce-implementation': 'ring_ring', 'all-gather-implementation': 'ring_ring', 'reduce-scatter-implementation': 'ring_ring', 'all-to-all-implementation': 'ring_ring', 'collective-optimization': 'baseline'}"
"{'topology-name': 'Hierarchical', 'topologies-per-dim': ['Ring', 'Ring'], 'dimension-type': ['P', 'P'], 'dimensions-count': 2, 'units-count': [4, 8], 'link-latency': [480, 161], 'link-bandwidth': [149.8, 119.5], 'nic-latency': [0, 0], 'router-latency': [5, 7], 'hbm-latency': [30, 193], 'hbm-bandwidth': [451, 341], 'hbm-scale': [1, 0], 'links-count': [2, 2]}","{'scheduling-policy': 'LIFO', 'endpoint-delay': 1, 'active-chunks-per-dimension': 1, 'preferred-dataset-splits': 21, 'boost-mode': 0, 'all-reduce-implementation': 'doubleBinaryTree_doubleBinaryTree', 'all-gather-implementation': 'ring_ring', 'reduce-scatter-implementation': 'oneRing', 'all-to-all-implementation': 'doubleBinaryTree_doubleBinaryTree', 'collective-optimization': 'localBWAware'}"
"{'topology-name': 'Hierarchical', 'topologies-per-dim': ['Switch', 'FullyConnected'], 'dimension-type': ['P', 'P'], 'dimensions-count': 2, 'units-count': [4, 8], 'link-latency': [65, 452], 'link-bandwidth': [56.4, 159.1], 'nic-latency': [0, 0], 'router-latency': [4, 5], 'hbm-latency': [291, 121], 'hbm-bandwidth': [360, 374], 'hbm-scale': [0, 1], 'links-count': [1, 7]}","{'scheduling-policy': 'LIFO', 'endpoint-delay': 9, 'active-chunks-per-dimension': 1, 'preferred-dataset-splits': 11, 'boost-mode': 1, 'all-reduce-implementation': 'direct_direct', 'all-gather-implementation': 'direct_direct', 'reduce-scatter-implementation': 'ring_ring', 'all-to-all-implementation': 'doubleBinaryTree_doubleBinaryTree', 'collective-optimization': 'baseline'}"
"{'topology-name': 'Hierarchical', 'topologies-per-dim': ['Switch', 'Ring'], 'dimension-type': ['N', 'N'], 'dimensions-count': 2, 'units-count': [5, 5], 'link-latency': [324, 294], 'link-bandwidth': [71.5, 38.1], 'nic-latency': [0, 0], 'router-latency': [8, 8], 'hbm-latency': [254, 146], 'hbm-bandwidth': [112, 467], 'hbm-scale': [1, 0], 'links-count': [1, 2]}","{'scheduling-policy': 'LIFO', 'endpoint-delay': 8, 'active-chunks-per-dimension': 1, 'preferred-dataset-splits': 12, 'boost-mode': 0, 'all-reduce-implementation': 'direct_direct', 'all-gather-implementation': 'ring_ring', 'reduce-scatter-implementation': 'oneDirect', 'all-to-all-implementation': 'direct_direct', 'collective-optimization': 'baseline'}"
"{'topology-name': 'Hierarchical', 'topologies-per-dim': ['Ring', 'Ring'], 'dimension-type': ['N', 'N'], 'dimensions-count': 2, 'units-count': [2, 5], 'link-latency': [244, 101], 'link-bandwidth': [12.9, 174.9], 'nic-latency': [0, 0], 'router-latency': [5, 10], 'hbm-latency': [225, 450], 'hbm-bandwidth': [120, 341], 'hbm-scale': [1, 0], 'links-count': [2, 2]}","{'scheduling-policy': 'LIFO', 'endpoint-delay': 1, 'active-chunks-per-dimension': 1, 'preferred-dataset-splits': 27, 'boost-mode': 0, 'all-reduce-implementation': 'doubleBinaryTree_doubleBinaryTree', 'all-gather-implementation': 'oneRing', 'reduce-scatter-implementation': 'doubleBinaryTree_doubleBinaryTree', 'all-to-all-implementation': 'doubleBinaryTree_doubleBinaryTree', 'collective-optimization': 'localBWAware'}"
"{'topology-name': 'Hierarchical', 'topologies-per-dim': ['FullyConnected', 'Switch'], 'dimension-type': ['P', 'P'], 'dimensions-count': 2, 'units-count': [3, 5], 'link-latency': [80, 427], 'link-bandwidth': [73.2, 54.0], 'nic-latency': [0, 0], 'router-latency': [3, 1], 'hbm-latency': [301, 442], 'hbm-bandwidth': [148, 440], 'hbm-scale': [0, 0], 'links-count': [7, 1]}","{'scheduling-policy': 'FIFO', 'endpoint-delay': 6, 'active-chunks-per-dimension': 1, 'preferred-dataset-splits': 13, 'boost-mode': 0, 'all-reduce-implementation': 'oneDirect', 'all-gather-implementation': 'oneDirect', 'reduce-scatter-implementation': 'ring_ring', 'all-to-all-implementation': 'oneDirect', 'collective-optimization': 'baseline'}"
"{'topology-name': 'Hierarchical', 'topologies-per-dim': ['FullyConnected', 'Switch'], 'dimension-type': ['N', 'N'], 'dimensions-count': 2, 'units-count': [2, 2], 'link-latency': [120, 187], 'link-bandwidth': [38.3, 222.2], 'nic-latency': [0, 0], 'router-latency': [9, 10], 'hbm-latency': [317, 460], 'hbm-bandwidth': [311, 233], 'hbm-scale': [0, 0], 'links-count': [7, 1]}","{'scheduling-policy': 'FIFO', 'endpoint-delay': 5, 'active-chunks-per-dimension': 1, 'preferred-dataset-splits': 29, 'boost-mode': 1, 'all-reduce-implementation': 'ring_ring', 'all-gather-implementation': 'direct_direct', 'reduce-scatter-implementation': 'ring_ring', 'all-to-all-implementation': 'doubleBinaryTree_doubleBinaryTree', 'collective-optimization': 'baseline'}"
"{'topology-name': 'Hierarchical', 'topologies-per-dim': ['FullyConnected', 'Switch'], 'dimension-type': ['P', 'P'], 'dimensions-count': 2, 'units-count': [8, 3], 'link-latency': [15, 14], 'link-bandwidth': [124.7, 207.3], 'nic-latency': [0, 0], 'router-latency': [1, 10], 'hbm-latency': [35, 252], 'hbm-bandwidth': [229, 67], 'hbm-scale': [0, 1], 'links-count': [7, 1]}","{'scheduling-policy': 'FIFO', 'endpoint-delay': 3, 'active-chunks-per-dimension': 1, 'preferred-dataset-splits': 29, 'boost-mode': 0, 'all-reduce-implementation': 'ring_ring', 'all-gather-implementation': 'direct_direct', 'reduce-scatter-implementation': 'ring_ring', 'all-to-all-implementation': 'doubleBinaryTree_doubleBinaryTree', 'collective-optimization': 'localBWAware'}"
"{'topology-name': 'Hierarchical', 'topologies-per-dim': ['Ring', 'Switch'], 'dimension-type': ['N', 'N'], 'dimensions-count': 2, 'units-count': [2, 3], 'link-latency': [159, 24], 'link-bandwidth': [90.9, 88.7], 'nic-latency': [0, 0], 'router-latency': [2, 3], 'hbm-latency': [224, 116], 'hbm-bandwidth': [396, 383], 'hbm-scale': [0, 0], 'links-count': [2, 1]}","{'scheduling-policy': 'FIFO', 'endpoint-delay': 9, 'active-chunks-per-dimension': 1, 'preferred-dataset-splits': 22, 'boost-mode': 0, 'all-reduce-implementation': 'direct_direct', 'all-gather-implementation': 'ring_ring', 'reduce-scatter-implementation': 'oneRing', 'all-to-all-implementation': 'oneRing', 'collective-optimization': 'baseline'}"
"{'topology-name': 'Hierarchical', 'topologies-per-dim': ['Ring', 'Ring'], 'dimension-type': ['N', 'N'], 'dimensions-count': 2, 'units-count': [6, 8], 'link-latency': [97, 131], 'link-bandwidth': [227.5, 239.9], 'nic-latency': [0, 0], 'router-latency': [10, 1], 'hbm-latency': [213, 447], 'hbm-bandwidth': [289, 211], 'hbm-scale': [0, 0], 'links-count': [2, 2]}","{'scheduling-policy': 'LIFO', 'endpoint-delay': 7, 'active-chunks-per-dimension': 1, 'preferred-dataset-splits': 18, 'boost-mode': 1, 'all-reduce-implementation': 'ring_ring', 'all-gather-implementation': 'direct_direct', 'reduce-scatter-implementation': 'oneDirect', 'all-to-all-implementation': 'oneDirect', 'collective-optimization': 'baseline'}"
"{'topology-name': 'Hierarchical', 'topologies-per-dim': ['Switch', 'Ring'], 'dimension-type': ['N', 'N'], 'dimensions-count': 2, 'units-count': [4, 8], 'link-latency': [56, 420], 'link-bandwidth': [119.4, 79.8], 'nic-latency': [0, 0], 'router-latency': [0, 10], 'hbm-latency': [241, 284], 'hbm-bandwidth': [63, 239], 'hbm-scale': [1, 0], 'links-count': [1, 2]}","{'scheduling-policy': 'LIFO', 'endpoint-delay': 4, 'active-chunks-per-dimension': 1, 'preferred-dataset-splits': 14, 'boost-mode': 1, 'all-reduce-implementation': 'direct_direct', 'all-gather-implementation': 'doubleBinaryTree_doubleBinaryTree', 'reduce-scatter-implementation': 'direct_direct', 'all-to-all-implementation': 'ring_ring', 'collective-optimization': 'baseline'}"
"{'topology-name': 'Hierarchical', 'topologies-per-dim': ['FullyConnected', 'Ring'], 'dimension-type': ['P', 'P'], 'dimensions-count': 2, 'units-count': [5, 3], 'link-latency': [115, 426], 'link-bandwidth': [116.4, 65.2], 'nic-latency': [0, 0], 'router-latency': [5, 7], 'hbm-latency': [438, 306], 'hbm-bandwidth': [63, 397], 'hbm-scale': [0, 0], 'links-count': [7, 2]}","{'scheduling-policy': 'LIFO', 'endpoint-delay': 6, 'active-chunks-per-dimension': 1, 'preferred-dataset-splits': 24, 'boost-mode': 1, 'all-reduce-implementation': 'direct_direct', 'all-gather-implementation': 'doubleBinaryTree_doubleBinaryTree', 'reduce-scatter-implementation': 'direct_direct', 'all-to-all-implementation': 'oneRing', 'collective-optimization': 'localBWAware'}"
"{'topology-name': 'Hierarchical', 'topologies-per-dim': ['Switch', 'Ring'], 'dimension-type': ['N', 'N'], 'dimensions-count': 2, 'units-count': [5, 7], 'link-latency': [494, 261], 'link-bandwidth': [211.2, 181.0], 'nic-latency': [0, 0], 'router-latency': [5, 6], 'hbm-latency': [24, 320], 'hbm-bandwidth': [31, 63], 'hbm-scale': [1, 1], 'links-count': [1, 2]}","{'scheduling-policy': 'FIFO', 'endpoint-delay': 7, 'active-chunks-per-dimension': 1, 'preferred-dataset-splits': 14, 'boost-mode': 1, 'all-reduce-implementation': 'ring_ring', 'all-gather-implementation': 'direct_direct', 'reduce-scatter-implementation': 'doubleBinaryTree_doubleBinaryTree', 'all-to-all-implementation': 'doubleBinaryTree_doubleBinaryTree', 'collective-optimization': 'baseline'}"
"{'topology-name': 'Hierarchical', 'topologies-per-dim': ['Ring', 'Switch'], 'dimension-type': ['N', 'N'], 'dimensions-count': 2, 'units-count': [5, 3], 'link-latency': [143, 27], 'link-bandwidth': [237.1, 207.0], 'nic-latency': [0, 0], 'router-latency': [6, 1], 'hbm-latency': [45, 385], 'hbm-bandwidth': [152, 155], 'hbm-scale': [1, 1], 'links-count': [2, 1]}","{'scheduling-policy': 'LIFO', 'endpoint-delay': 9, 'active-chunks-per-dimension': 1, 'preferred-dataset-splits': 5, 'boost-mode': 0, 'all-reduce-implementation': 'doubleBinaryTree_doubleBinaryTree', 'all-gather-implementation': 'oneRing', 'reduce-scatter-implementation': 'direct_direct', 'all-to-all-implementation': 'ring_ring', 'collective-optimization': 'localBWAware'}"
"{'topology-name': 'Hierarchical', 'topologies-per-dim': ['FullyConnected', 'Ring'], 'dimension-type': ['N', 'N'], 'dimensions-count': 2, 'units-count': [4, 5], 'link-latency': [202, 2], 'link-bandwidth': [46.0, 137.7], 'nic-latency': [0, 0], 'router-latency': [0, 0], 'hbm-latency': [206, 167], 'hbm-bandwidth': [491, 349], 'hbm-scale': [0, 0], 'links-count': [7, 2]}","{'scheduling-policy': 'FIFO', 'endpoint-delay': 6, 'active-chunks-per-dimension': 1, 'preferred-dataset-splits': 31, 'boost-mode': 1, 'all-reduce-implementation': 'doubleBinaryTree_doubleBinaryTree', 'all-gather-implementation': 'direct_direct', 'reduce-scatter-implementation': 'ring_ring', 'all-to-all-implementation': 'oneDirect', 'collective-optimization': 'baseline'}"
"{'topology-name': 'Hierarchical', 'topologies-per-dim': ['Switch', 'Switch'], 'dimension-type': ['N', 'N'], 'dimensions-count': 2, 'units-count': [6, 4], 'link-latency': [61, 427], 'link-bandwidth': [62.0, 91.2], 'nic-latency': [0, 0], 'router-latency': [10, 4], 'hbm-latency': [409, 375], 'hbm-bandwidth': [296, 466], 'hbm-scale': [1, 0], 'links-count': [1, 1]}","{'scheduling-policy': 'LIFO', 'endpoint-delay': 4, 'active-chunks-per-dimension': 1, 'preferred-dataset-splits': 19, 'boost-mode': 1, 'all-reduce-implementation': 'oneDirect', 'all-gather-implementation': 'oneRing', 'reduce-scatter-implementation': 'direct_direct', 'all-to-all-implementation': 'ring_ring', 'collective-optimization': 'baseline'}"
"{'topology-name': 'Hierarchical', 'topologies-per-dim': ['Switch', 'Switch'], 'dimension-type': ['N', 'N'], 'dimensions-count': 2, 'units-count': [2, 5], 'link-latency': [48, 101], 'link-bandwidth': [50.3, 153.7], 'nic-latency': [0, 0], 'router-latency': [4, 9], 'hbm-latency': [353, 244], 'hbm-bandwidth': [37, 271], 'hbm-scale': [1, 1], 'links-count': [1, 1]}","{'scheduling-policy': 'FIFO', 'endpoint-delay': 6, 'active-chunks-per-dimension': 1, 'preferred-dataset-splits': 23, 'boost-mode': 0, 'all-reduce-implementation': 'ring_ring', 'all-gather-implementation': 'direct_direct', 'reduce-scatter-implementation': 'oneRing', 'all-to-all-implementation': 'ring_ring', 'collective-optimization': 'baseline'}"
"{'topology-name': 'Hierarchical', 'topologies-per-dim': ['Switch', 'FullyConnected'], 'dimension-type': ['P', 'P'], 'dimensions-count': 2, 'units-count': [5, 6], 'link-latency': [441, 140], 'link-bandwidth': [247.4, 17.9], 'nic-latency': [0, 0], 'router-latency': [0, 6], 'hbm-latency': [142, 175], 'hbm-bandwidth': [56, 320], 'hbm-scale': [1, 0], 'links-count': [1, 7]}","{'scheduling-policy': 'LIFO', 'endpoint-delay': 1, 'active-chunks-per-dimension': 1, 'preferred-dataset-splits': 20, 'boost-mode': 0, 'all-reduce-implementation': 'ring_ring', 'all-gather-implementation': 'direct_direct', 'reduce-scatter-implementation': 'direct_direct', 'all-to-all-implementation': 'direct_direct', 'collective-optimization': 'baseline'}"
"{'topology-name': 'Hierarchical', 'topologies-per-dim': ['FullyConnected', 'FullyConnected'], 'dimension-type': ['N', 'N'], 'dimensions-count': 2, 'units-count': [6, 3], 'link-latency': [274, 319], 'link-bandwidth': [94.5, 167.1], 'nic-latency': [0, 0], 'router-latency': [9, 3], 'hbm-latency': [366, 338], 'hbm-bandwidth': [285, 329], 'hbm-scale': [0, 1], 'links-count': [7, 7]}","{'scheduling-policy': 'FIFO', 'endpoint-delay': 10, 'active-chunks-per-dimension': 1, 'preferred-dataset-splits': 7, 'boost-mode': 0, 'all-reduce-implementation': 'doubleBinaryTree_doubleBinaryTree', 'all-gather-implementation': 'ring_ring', 'reduce-scatter-implementation': 'oneDirect', 'all-to-all-implementation': 'oneRing', 'collective-optimization': 'baseline'}"
"{'topology-name': 'Hierarchical', 'topologies-per-dim': ['Ring', 'Ring'], 'dimension-type': ['N', 'N'], 'dimensions-count': 2, 'units-count': [8, 5], 'link-latency': [45, 417], 'link-bandwidth': [164.7, 163.3], 'nic-latency': [0, 0], 'router-latency': [10, 10], 'hbm-latency': [26, 484], 'hbm-bandwidth': [52, 194], 'hbm-scale': [0, 0], 'links-count': [2, 2]}","{'scheduling-policy': 'LIFO', 'endpoint-delay': 8, 'active-chunks-per-dimension': 1, 'preferred-dataset-splits': 2, 'boost-mode': 1, 'all-reduce-implementation': 'oneDirect', 'all-gather-implementation': 'direct_direct', 'reduce-scatter-implementation': 'oneDirect', 'all-to-all-implementation': 'doubleBinaryTree_doubleBinaryTree', 'collective-optimization': 'localBWAware'}"
"{'topology-name': 'Hierarchical', 'topologies-per-dim': ['Switch', 'Ring'], 'dimension-type': ['P', 'P'], 'dimensions-count': 2, 'units-count': [2, 2], 'link-latency': [360, 371], 'link-bandwidth': [110.6, 178.6], 'nic-latency': [0, 0], 'router-latency': [2, 5], 'hbm-latency': [281, 293], 'hbm-bandwidth': [118, 299], 'hbm-scale': [1, 0], 'links-count': [1, 2]}","{'scheduling-policy': 'LIFO', 'endpoint-delay': 5, 'active-chunks-per-dimension': 1, 'preferred-dataset-splits': 27, 'boost-mode': 1, 'all-reduce-implementation': 'oneDirect', 'all-gather-implementation': 'ring_ring', 'reduce-scatter-implementation': 'oneDirect', 'all-to-all-implementation': 'oneRing', 'collective-optimization': 'baseline'}"
"{'topology-name': 'Hierarchical', 'topologies-per-dim': ['FullyConnected', 'Ring'], 'dimension-type': ['P', 'P'], 'dimensions-count': 2, 'units-count': [6, 8], 'link-latency': [200, 317], 'link-bandwidth': [181.3, 86.8], 'nic-latency': [0, 0], 'router-latency': [9, 0], 'hbm-latency': [248, 289], 'hbm-bandwidth': [384, 163], 'hbm-scale': [1, 1], 'links-count': [7, 2]}","{'scheduling-policy': 'FIFO', 'endpoint-delay': 7, 'active-chunks-per-dimension': 1, 'preferred-dataset-splits': 19, 'boost-mode': 0, 'all-reduce-implementation': 'ring_ring', 'all-gather-implementation': 'oneDirect', 'reduce-scatter-implementation': 'direct_direct', 'all-to-all-implementation': 'oneDirect', 'collective-optimization': 'baseline'}"
"{'topology-name': 'Hierarchical', 'topologies-per-dim': ['FullyConnected', 'Ring'], 'dimension-type': ['N', 'N'], 'dimensions-count': 2, 'units-count': [6, 7], 'link-latency': [483, 437], 'link-bandwidth': [160.0, 96.4], 'nic-latency': [0, 0], 'router-latency': [1, 5], 'hbm-latency': [40, 16], 'hbm-bandwidth': [124, 172], 'hbm-scale': [0, 1], 'links-count': [7, 2]}","{'scheduling-policy': 'LIFO', 'endpoint-delay': 6, 'active-chunks-per-dimension': 1, 'preferred-dataset-splits': 24, 'boost-mode': 1, 'all-reduce-implementation': 'direct_direct', 'all-gather-implementation': 'direct_direct', 'reduce-scatter-implementation': 'oneDirect', 'all-to-all-implementation': 'direct_direct', 'collective-optimization': 'localBWAware'}"
"{'topology-name': 'Hierarchical', 'topologies-per-dim': ['Switch', 'Switch'], 'dimension-type': ['P', 'P'], 'dimensions-count': 2, 'units-count': [8, 7], 'link-latency': [57, 366], 'link-bandwidth': [132.5, 117.6], 'nic-latency': [0, 0], 'router-latency': [6, 3], 'hbm-latency': [18, 363], 'hbm-bandwidth': [57, 360], 'hbm-scale': [0, 1], 'links-count': [1, 1]}","{'scheduling-policy': 'LIFO', 'endpoint-delay': 9, 'active-chunks-per-dimension': 1, 'preferred-dataset-splits': 20, 'boost-mode': 0, 'all-reduce-implementation': 'oneDirect', 'all-gather-implementation': 'oneRing', 'reduce-scatter-implementation': 'oneRing', 'all-to-all-implementation': 'ring_ring', 'collective-optimization': 'localBWAware'}"
"{'topology-name': 'Hierarchical', 'topologies-per-dim': ['FullyConnected', 'Ring'], 'dimension-type': ['N', 'N'], 'dimensions-count': 2, 'units-count': [3, 7], 'link-latency': [428, 88], 'link-bandwidth': [19.8, 224.3], 'nic-latency': [0, 0], 'router-latency': [7, 9], 'hbm-latency': [30, 305], 'hbm-bandwidth': [309, 460], 'hbm-scale': [0, 0], 'links-count': [7, 2]}","{'scheduling-policy': 'FIFO', 'endpoint-delay': 4, 'active-chunks-per-dimension': 1, 'preferred-dataset-splits': 16, 'boost-mode': 0, 'all-reduce-implementation': 'oneDirect', 'all-gather-implementation': 'oneDirect', 'reduce-scatter-implementation': 'direct_direct', 'all-to-all-implementation': 'oneDirect', 'collective-optimization': 'baseline'}"
"{'topology-name': 'Hierarchical', 'topologies-per-dim': ['Switch', 'Switch'], 'dimension-type': ['N', 'N'], 'dimensions-count': 2, 'units-count': [4, 4], 'link-latency': [84, 302], 'link-bandwidth': [72.8, 64.8], 'nic-latency': [0, 0], 'router-latency': [4, 1], 'hbm-latency': [171, 121], 'hbm-bandwidth': [29, 201], 'hbm-scale': [0, 1], 'links-count': [1, 1]}","{'scheduling-policy': 'LIFO', 'endpoint-delay': 2, 'active-chunks-per-dimension': 1, 'preferred-dataset-splits': 9, 'boost-mode': 0, 'all-reduce-implementation': 'doubleBinaryTree_doubleBinaryTree', 'all-gather-implementation': 'oneRing', 'reduce-scatter-implementation': 'direct_direct', 'all-to-all-implementation': 'oneDirect', 'collective-optimization': 'localBWAware'}"
"{'topology-name': 'Hierarchical', 'topologies-per-dim': ['FullyConnected', 'Ring'], 'dimension-type': ['P', 'P'], 'dimensions-count': 2, 'units-count': [3, 6], 'link-latency': [176, 336], 'link-bandwidth': [80.3, 133.6], 'nic-latency': [0, 0], 'router-latency': [1, 0], 'hbm-latency': [215, 140], 'hbm-bandwidth': [316, 411], 'hbm-scale': [0, 0], 'links-count': [7, 2]}","{'scheduling-policy': 'LIFO', 'endpoint-delay': 2, 'active-chunks-per-dimension': 1, 'preferred-dataset-splits': 15, 'boost-mode': 0, 'all-reduce-implementation': 'oneDirect', 'all-gather-implementation': 'ring_ring', 'reduce-scatter-implementation': 'oneDirect', 'all-to-all-implementation': 'doubleBinaryTree_doubleBinaryTree', 'collective-optimization': 'baseline'}"
"{'topology-name': 'Hierarchical', 'topologies-per-dim': ['Switch', 'Ring'], 'dimension-type': ['P', 'P'], 'dimensions-count': 2, 'units-count': [2, 5], 'link-latency': [149, 230], 'link-bandwidth': [13.4, 135.4], 'nic-latency': [0, 0], 'router-latency': [10, 6], 'hbm-latency': [184, 121], 'hbm-bandwidth': [207, 353], 'hbm-scale': [0, 0], 'links-count': [1, 2]}","{'scheduling-policy': 'FIFO', 'endpoint-delay': 4, 'active-chunks-per-dimension': 1, 'preferred-dataset-splits': 19, 'boost-mode': 0, 'all-reduce-implementation': 'oneDirect', 'all-gather-implementation': 'doubleBinaryTree_doubleBinaryTree', 'reduce-scatter-implementation': 'doubleBinaryTree_doubleBinaryTree', 'all-to-all-implementation': 'oneRing', 'collective-optimization': 'localBWAware'}"
"{'topology-name': 'Hierarchical', 'topologies-per-dim': ['FullyConnected', 'Ring'], 'dimension-type': ['N', 'N'], 'dimensions-count': 2, 'units-count': [5, 2], 'link-latency': [87, 83], 'link-bandwidth': [113.9, 201.0], 'nic-latency': [0, 0], 'router-latency': [8, 3], 'hbm-latency': [341, 269], 'hbm-bandwidth': [465, 490], 'hbm-scale': [0, 1], 'links-count': [7, 2]}","{'scheduling-policy': 'LIFO', 'endpoint-delay': 1, 'active-chunks-per-dimension': 1, 'preferred-dataset-splits': 7, 'boost-mode': 1, 'all-reduce-implementation': 'oneDirect', 'all-gather-implementation': 'ring_ring', 'reduce-scatter-implementation': 'doubleBinaryTree_doubleBinaryTree', 'all-to-all-implementation': 'doubleBinaryTree_doubleBinaryTree', 'collective-optimization': 'localBWAware'}"
"{'topology-name': 'Hierarchical', 'topologies-per-dim': ['Ring', 'Switch'], 'dimension-type': ['N', 'N'], 'dimensions-count': 2, 'units-count': [2, 4], 'link-latency': [96, 481], 'link-bandwidth': [58.6, 12.4], 'nic-latency': [0, 0], 'router-latency': [5, 8], 'hbm-latency': [134, 204], 'hbm-bandwidth': [225, 49], 'hbm-scale': [1, 1], 'links-count': [2, 1]}","{'scheduling-policy': 'LIFO', 'endpoint-delay': 5, 'active-chunks-per-dimension': 1, 'preferred-dataset-splits': 31, 'boost-mode': 1, 'all-reduce-implementation': 'direct_direct', 'all-gather-implementation': 'direct_direct', 'reduce-scatter-implementation': 'ring_ring', 'all-to-all-implementation': 'ring_ring', 'collective-optimization': 'localBWAware'}"
"{'topology-name': 'Hierarchical', 'topologies-per-dim': ['FullyConnected', 'FullyConnected'], 'dimension-type': ['P', 'P'], 'dimensions-count': 2, 'units-count': [3, 2], 'link-latency': [272, 195], 'link-bandwidth': [25.9, 132.1], 'nic-latency': [0, 0], 'router-latency': [0, 1], 'hbm-latency': [30, 229], 'hbm-bandwidth': [152, 159], 'hbm-scale': [1, 0], 'links-count': [7, 7]}","{'scheduling-policy': 'LIFO', 'endpoint-delay': 1, 'active-chunks-per-dimension': 1, 'preferred-dataset-splits': 19, 'boost-mode': 0, 'all-reduce-implementation': 'direct_direct', 'all-gather-implementation': 'direct_direct', 'reduce-scatter-implementation': 'ring_ring', 'all-to-all-implementation': 'oneDirect', 'collective-optimization': 'baseline'}"
"{'topology-name': 'Hierarchical', 'topologies-per-dim': ['Switch', 'Ring'], 'dimension-type': ['N', 'N'], 'dimensions-count': 2, 'units-count': [5, 6], 'link-latency': [217, 422], 'link-bandwidth': [78.1, 148.1], 'nic-latency': [0, 0], 'router-latency': [3, 9], 'hbm-latency': [391, 354], 'hbm-bandwidth': [365, 415], 'hbm-scale': [0, 1], 'links-count': [1, 2]}","{'scheduling-policy': 'LIFO', 'endpoint-delay': 4, 'active-chunks-per-dimension': 1, 'preferred-dataset-splits': 4, 'boost-mode': 1, 'all-reduce-implementation': 'oneDirect', 'all-gather-implementation': 'doubleBinaryTree_doubleBinaryTree', 'reduce-scatter-implementation': 'oneRing', 'all-to-all-implementation': 'oneDirect', 'collective-optimization': 'baseline'}"
"{'topology-name': 'Hierarchical', 'topologies-per-dim': ['FullyConnected', 'FullyConnected'], 'dimension-type': ['N', 'N'], 'dimensions-count': 2, 'units-count': [2, 2], 'link-latency': [297, 455], 'link-bandwidth': [144.3, 207.1], 'nic-latency': [0, 0], 'router-latency': [2, 9], 'hbm-latency': [453, 481], 'hbm-bandwidth': [177, 96], 'hbm-scale': [0, 1], 'links-count': [7, 7]}","{'scheduling-policy': 'LIFO', 'endpoint-delay': 9, 'active-chunks-per-dimension': 1, 'preferred-dataset-splits': 29, 'boost-mode': 1, 'all-reduce-implementation': 'direct_direct', 'all-gather-implementation': 'ring_ring', 'reduce-scatter-implementation': 'direct_direct', 'all-to-all-implementation': 'oneDirect', 'collective-optimization': 'baseline'}"
"{'topology-name': 'Hierarchical', 'topologies-per-dim': ['Switch', 'Switch'], 'dimension-type': ['N', 'N'], 'dimensions-count': 2, 'units-count': [3, 6], 'link-latency': [427, 2], 'link-bandwidth': [147.7, 189.8], 'nic-latency': [0, 0], 'router-latency': [3, 10], 'hbm-latency': [465, 299], 'hbm-bandwidth': [231, 95], 'hbm-scale': [0, 0], 'links-count': [1, 1]}","{'scheduling-policy': 'LIFO', 'endpoint-delay': 3, 'active-chunks-per-dimension': 1, 'preferred-dataset-splits': 9, 'boost-mode': 0, 'all-reduce-implementation': 'ring_ring', 'all-gather-implementation': 'direct_direct', 'reduce-scatter-implementation': 'oneDirect', 'all-to-all-implementation': 'direct_direct', 'collective-optimization': 'localBWAware'}"
"{'topology-name': 'Hierarchical', 'topologies-per-dim': ['Switch', 'Ring'], 'dimension-type': ['N', 'N'], 'dimensions-count': 2, 'units-count': [4, 7], 'link-latency': [259, 58], 'link-bandwidth': [48.6, 57.5], 'nic-latency': [0, 0], 'router-latency': [0, 9], 'hbm-latency': [334, 57], 'hbm-bandwidth': [487, 334], 'hbm-scale': [1, 0], 'links-count': [1, 2]}","{'scheduling-policy': 'LIFO', 'endpoint-delay': 7, 'active-chunks-per-dimension': 1, 'preferred-dataset-splits': 25, 'boost-mode': 0, 'all-reduce-implementation': 'doubleBinaryTree_doubleBinaryTree', 'all-gather-implementation': 'oneRing', 'reduce-scatter-implementation': 'ring_ring', 'all-to-all-implementation': 'ring_ring', 'collective-optimization': 'baseline'}"
"{'topology-name': 'Hierarchical', 'topologies-per-dim': ['Ring', 'Switch'], 'dimension-type': ['P', 'P'], 'dimensions-count': 2, 'units-count': [7, 2], 'link-latency': [491, 102], 'link-bandwidth': [125.2, 166.0], 'nic-latency': [0, 0], 'router-latency': [6, 0], 'hbm-latency': [185, 479], 'hbm-bandwidth': [365, 381], 'hbm-scale': [1, 0], 'links-count': [2, 1]}","{'scheduling-policy': 'FIFO', 'endpoint-delay': 2, 'active-chunks-per-dimension': 1, 'preferred-dataset-splits': 28, 'boost-mode': 0, 'all-reduce-implementation': 'ring_ring', 'all-gather-implementation': 'doubleBinaryTree_doubleBinaryTree', 'reduce-scatter-implementation': 'direct_direct', 'all-to-all-implementation': 'oneDirect', 'collective-optimization': 'localBWAware'}"
"{'topology-name': 'Hierarchical', 'topologies-per-dim': ['FullyConnected', 'Switch'], 'dimension-type': ['N', 'N'], 'dimensions-count': 2, 'units-count': [4, 6], 'link-latency': [482, 283], 'link-bandwidth': [76.1, 52.1], 'nic-latency': [0, 0], 'router-latency': [5, 3], 'hbm-latency': [9, 465], 'hbm-bandwidth': [317, 108], 'hbm-scale': [1, 0], 'links-count': [7, 1]}","{'scheduling-policy': 'FIFO', 'endpoint-delay': 1, 'active-chunks-per-dimension': 1, 'preferred-dataset-splits': 23, 'boost-mode': 0, 'all-reduce-implementation': 'ring_ring', 'all-gather-implementation': 'oneRing', 'reduce-scatter-implementation': 'oneRing', 'all-to-all-implementation': 'ring_ring', 'collective-optimization': 'baseline'}"
"{'topology-name': 'Hierarchical', 'topologies-per-dim': ['Ring', 'Switch'], 'dimension-type': ['N', 'N'], 'dimensions-count': 2, 'units-count': [6, 5], 'link-latency': [118, 213], 'link-bandwidth': [96.1, 14.3], 'nic-latency': [0, 0], 'router-latency': [7, 9], 'hbm-latency': [139, 440], 'hbm-bandwidth': [318, 121], 'hbm-scale': [0, 1], 'links-count': [2, 1]}","{'scheduling-policy': 'FIFO', 'endpoint-delay': 9, 'active-chunks-per-dimension': 1, 'preferred-dataset-splits': 16, 'boost-mode': 1, 'all-reduce-implementation': 'oneDirect', 'all-gather-implementation': 'doubleBinaryTree_doubleBinaryTree', 'reduce-scatter-implementation': 'oneDirect', 'all-to-all-implementation': 'doubleBinaryTree_doubleBinaryTree', 'collective-optimization': 'localBWAware'}"
"{'topology-name': 'Hierarchical', 'topologies-per-dim': ['Switch', 'FullyConnected'], 'dimension-type': ['N', 'N'], 'dimensions-count': 2, 'units-count': [3, 3], 'link-latency': [454, 74], 'link-bandwidth': [226.5, 96.3], 'nic-latency': [0, 0], 'router-latency': [0, 9], 'hbm-latency': [481, 436], 'hbm-bandwidth': [5, 217], 'hbm-scale': [0, 0], 'links-count': [1, 7]}","{'scheduling-policy': 'LIFO', 'endpoint-delay': 10, 'active-chunks-per-dimension': 1, 'preferred-dataset-splits': 6, 'boost-mode': 1, 'all-reduce-implementation': 'oneRing', 'all-gather-implementation': 'doubleBinaryTree_doubleBinaryTree', 'reduce-scatter-implementation': 'ring_ring', 'all-to-all-implementation': 'ring_ring', 'collective-optimization': 'baseline'}"
"{'topology-name': 'Hierarchical', 'topologies-per-dim': ['Switch', 'FullyConnected'], 'dimension-type': ['N', 'N'], 'dimensions-count': 2, 'units-count': [8, 4], 'link-latency': [486, 304], 'link-bandwidth': [100.7, 17.5], 'nic-latency': [0, 0], 'router-latency': [6, 2], 'hbm-latency': [311, 158], 'hbm-bandwidth': [316, 34], 'hbm-scale': [0, 1], 'links-count': [1, 7]}","{'scheduling-policy': 'FIFO', 'endpoint-delay': 9, 'active-chunks-per-dimension': 1, 'preferred-dataset-splits': 24, 'boost-mode': 0, 'all-reduce-implementation': 'direct_direct', 'all-gather-implementation': 'direct_direct', 'reduce-scatter-implementation': 'doubleBinaryTree_doubleBinaryTree', 'all-to-all-implementation': 'oneRing', 'collective-optimization': 'baseline'}"
"{'topology-name': 'Hierarchical', 'topologies-per-dim': ['Switch', 'Ring'], 'dimension-type': ['P', 'P'], 'dimensions-count': 2, 'units-count': [8, 3], 'link-latency': [207, 156], 'link-bandwidth': [178.2, 132.7], 'nic-latency': [0, 0], 'router-latency': [1, 10], 'hbm-latency': [418, 104], 'hbm-bandwidth': [453, 433], 'hbm-scale': [0, 0], 'links-count': [1, 2]}","{'scheduling-policy': 'LIFO', 'endpoint-delay': 9, 'active-chunks-per-dimension': 1, 'preferred-dataset-splits': 10, 'boost-mode': 1, 'all-reduce-implementation': 'oneRing', 'all-gather-implementation': 'oneRing', 'reduce-scatter-implementation': 'oneDirect', 'all-to-all-implementation': 'oneDirect', 'collective-optimization': 'baseline'}"
"{'topology-name': 'Hierarchical', 'topologies-per-dim': ['Switch', 'Switch'], 'dimension-type': ['P', 'P'], 'dimensions-count': 2, 'units-count': [6, 3], 'link-latency': [78, 280], 'link-bandwidth': [237.6, 145.1], 'nic-latency': [0, 0], 'router-latency': [7, 10], 'hbm-latency': [499, 357], 'hbm-bandwidth': [237, 332], 'hbm-scale': [0, 0], 'links-count': [1, 1]}","{'scheduling-policy': 'FIFO', 'endpoint-delay': 5, 'active-chunks-per-dimension': 1, 'preferred-dataset-splits': 7, 'boost-mode': 1, 'all-reduce-implementation': 'doubleBinaryTree_doubleBinaryTree', 'all-gather-implementation': 'direct_direct', 'reduce-scatter-implementation': 'direct_direct', 'all-to-all-implementation': 'oneRing', 'collective-optimization': 'localBWAware'}"
"{'topology-name': 'Hierarchical', 'topologies-per-dim': ['FullyConnected', 'Switch'], 'dimension-type': ['N', 'N'], 'dimensions-count': 2, 'units-count': [7, 6], 'link-latency': [272, 405], 'link-bandwidth': [123.5, 236.8], 'nic-latency': [0, 0], 'router-latency': [0, 4], 'hbm-latency': [474, 23], 'hbm-bandwidth': [121, 99], 'hbm-scale': [0, 1], 'links-count': [7, 1]}","{'scheduling-policy': 'FIFO', 'endpoint-delay': 9, 'active-chunks-per-dimension': 1, 'preferred-dataset-splits': 8, 'boost-mode': 1, 'all-reduce-implementation': 'doubleBinaryTree_doubleBinaryTree', 'all-gather-implementation': 'oneRing', 'reduce-scatter-implementation': 'doubleBinaryTree_doubleBinaryTree', 'all-to-all-implementation': 'oneRing', 'collective-optimization': 'baseline'}"
"{'topology-name': 'Hierarchical', 'topologies-per-dim': ['Switch', 'Switch'], 'dimension-type': ['P', 'P'], 'dimensions-count': 2, 'units-count': [2, 8], 'link-latency': [341, 482], 'link-bandwidth': [192.6, 85.1], 'nic-latency': [0, 0], 'router-latency': [4, 5], 'hbm-latency': [236, 134], 'hbm-bandwidth': [94, 346], 'hbm-scale': [1, 0], 'links-count': [1, 1]}","{'scheduling-policy': 'FIFO', 'endpoint-delay': 9, 'active-chunks-per-dimension': 1, 'preferred-dataset-splits': 13, 'boost-mode': 0, 'all-reduce-implementation': 'doubleBinaryTree_doubleBinaryTree', 'all-gather-implementation': 'oneRing', 'reduce-scatter-implementation': 'oneDirect', 'all-to-all-implementation': 'oneDirect', 'collective-optimization': 'localBWAware'}"
"{'topology-name': 'Hierarchical', 'topologies-per-dim': ['Ring', 'Ring'], 'dimension-type': ['N', 'N'], 'dimensions-count': 2, 'units-count': [6, 2], 'link-latency': [302, 248], 'link-bandwidth': [12.1, 127.5], 'nic-latency': [0, 0], 'router-latency': [7, 4], 'hbm-latency': [130, 206], 'hbm-bandwidth': [78, 450], 'hbm-scale': [0, 1], 'links-count': [2, 2]}","{'scheduling-policy': 'FIFO', 'endpoint-delay': 3, 'active-chunks-per-dimension': 1, 'preferred-dataset-splits': 32, 'boost-mode': 0, 'all-reduce-implementation': 'oneDirect', 'all-gather-implementation': 'ring_ring', 'reduce-scatter-implementation': 'oneDirect', 'all-to-all-implementation': 'direct_direct', 'collective-optimization': 'localBWAware'}"
"{'topology-name': 'Hierarchical', 'topologies-per-dim': ['FullyConnected', 'FullyConnected'], 'dimension-type': ['N', 'N'], 'dimensions-count': 2, 'units-count': [5, 2], 'link-latency': [87, 171], 'link-bandwidth': [227.2, 87.1], 'nic-latency': [0, 0], 'router-latency': [6, 1], 'hbm-latency': [395, 91], 'hbm-bandwidth': [155, 71], 'hbm-scale': [0, 1], 'links-count': [7, 7]}","{'scheduling-policy': 'LIFO', 'endpoint-delay': 5, 'active-chunks-per-dimension': 1, 'preferred-dataset-splits': 2, 'boost-mode': 1, 'all-reduce-implementation': 'direct_direct', 'all-gather-implementation': 'oneRing', 'reduce-scatter-implementation': 'oneDirect', 'all-to-all-implementation': 'ring_ring', 'collective-optimization': 'baseline'}"
"{'topology-name': 'Hierarchical', 'topologies-per-dim': ['Switch', 'Switch'], 'dimension-type': ['N', 'N'], 'dimensions-count': 2, 'units-count': [8, 3], 'link-latency': [309, 107], 'link-bandwidth': [248.9, 48.4], 'nic-latency': [0, 0], 'router-latency': [5, 6], 'hbm-latency': [428, 194], 'hbm-bandwidth': [170, 202], 'hbm-scale': [0, 0], 'links-count': [1, 1]}","{'scheduling-policy': 'LIFO', 'endpoint-delay': 2, 'active-chunks-per-dimension': 1, 'preferred-dataset-splits': 10, 'boost-mode': 1, 'all-reduce-implementation': 'oneRing', 'all-gather-implementation': 'oneDirect', 'reduce-scatter-implementation': 'oneDirect', 'all-to-all-implementation': 'ring_ring', 'collective-optimization': 'localBWAware'}"
"{'topology-name': 'Hierarchical', 'topologies-per-dim': ['FullyConnected', 'FullyConnected'], 'dimension-type': ['P', 'P'], 'dimensions-count': 2, 'units-count': [2, 6], 'link-latency': [384, 91], 'link-bandwidth': [119.9, 96.4], 'nic-latency': [0, 0], 'router-latency': [2, 6], 'hbm-latency': [469, 425], 'hbm-bandwidth': [99, 120], 'hbm-scale': [0, 0], 'links-count': [7, 7]}","{'scheduling-policy': 'FIFO', 'endpoint-delay': 6, 'active-chunks-per-dimension': 1, 'preferred-dataset-splits': 23, 'boost-mode': 0, 'all-reduce-implementation': 'direct_direct', 'all-gather-implementation': 'oneRing', 'reduce-scatter-implementation': 'doubleBinaryTree_doubleBinaryTree', 'all-to-all-implementation': 'oneDirect', 'collective-optimization': 'localBWAware'}"
"{'topology-name': 'Hierarchical', 'topologies-per-dim': ['Ring', 'Ring'], 'dimension-type': ['N', 'N'], 'dimensions-count': 2, 'units-count': [7, 7], 'link-latency': [2, 210], 'link-bandwidth': [73.1, 74.8], 'nic-latency': [0, 0], 'router-latency': [4, 0], 'hbm-latency': [360, 288], 'hbm-bandwidth': [193, 8], 'hbm-scale': [0, 0], 'links-count': [2, 2]}","{'scheduling-policy': 'LIFO', 'endpoint-delay': 2, 'active-chunks-per-dimension': 1, 'preferred-dataset-splits': 14, 'boost-mode': 1, 'all-reduce-implementation': 'doubleBinaryTree_doubleBinaryTree', 'all-gather-implementation': 'oneRing', 'reduce-scatter-implementation': 'direct_direct', 'all-to-all-implementation': 'doubleBinaryTree_doubleBinaryTree', 'collective-optimization': 'localBWAware'}"
"{'topology-name': 'Hierarchical', 'topologies-per-dim': ['FullyConnected', 'Switch'], 'dimension-type': ['N', 'N'], 'dimensions-count': 2, 'units-count': [2, 3], 'link-latency': [479, 309], 'link-bandwidth': [57.8, 189.2], 'nic-latency': [0, 0], 'router-latency': [2, 2], 'hbm-latency': [444, 71], 'hbm-bandwidth': [396, 371], 'hbm-scale': [0, 0], 'links-count': [7, 1]}","{'scheduling-policy': 'FIFO', 'endpoint-delay': 2, 'active-chunks-per-dimension': 1, 'preferred-dataset-splits': 15, 'boost-mode': 0, 'all-reduce-implementation': 'oneDirect', 'all-gather-implementation': 'ring_ring', 'reduce-scatter-implementation': 'direct_direct', 'all-to-all-implementation': 'ring_ring', 'collective-optimization': 'baseline'}"
"{'topology-name': 'Hierarchical', 'topologies-per-dim': ['Switch', 'Ring'], 'dimension-type': ['P', 'P'], 'dimensions-count': 2, 'units-count': [3, 7], 'link-latency': [261, 96], 'link-bandwidth': [192.7, 35.4], 'nic-latency': [0, 0], 'router-latency': [2, 2], 'hbm-latency': [63, 120], 'hbm-bandwidth': [117, 2], 'hbm-scale': [1, 1], 'links-count': [1, 2]}","{'scheduling-policy': 'FIFO', 'endpoint-delay': 9, 'active-chunks-per-dimension': 1, 'preferred-dataset-splits': 10, 'boost-mode': 1, 'all-reduce-implementation': 'oneDirect', 'all-gather-implementation': 'oneRing', 'reduce-scatter-implementation': 'direct_direct', 'all-to-all-implementation': 'ring_ring', 'collective-optimization': 'localBWAware'}"
"{'topology-name': 'Hierarchical', 'topologies-per-dim': ['Ring', 'Ring'], 'dimension-type': ['N', 'N'], 'dimensions-count': 2, 'units-count': [4, 3], 'link-latency': [114, 292], 'link-bandwidth': [110.5, 50.5], 'nic-latency': [0, 0], 'router-latency': [6, 9], 'hbm-latency': [277, 258], 'hbm-bandwidth': [458, 260], 'hbm-scale': [1, 0], 'links-count': [2, 2]}","{'scheduling-policy': 'LIFO', 'endpoint-delay': 6, 'active-chunks-per-dimension': 1, 'preferred-dataset-splits': 17, 'boost-mode': 1, 'all-reduce-implementation': 'oneRing', 'all-gather-implementation': 'direct_direct', 'reduce-scatter-implementation': 'ring_ring', 'all-to-all-implementation': 'ring_ring', 'collective-optimization': 'baseline'}"
